epoch,time,train/box_loss,train/cls_loss,train/dfl_loss,metrics/precision(B),metrics/recall(B),metrics/mAP50(B),metrics/mAP50-95(B),val/box_loss,val/cls_loss,val/dfl_loss,lr/pg0,lr/pg1,lr/pg2
1,10.6166,1.90238,4.19773,1.81457,0.00161,0.08594,0.01415,0.00988,1.61089,4.32096,1.50028,1.25E-05,1.25E-05,1.25E-05
2,20.3971,1.74596,4.28454,1.5786,0.00202,0.11719,0.017,0.01242,1.40164,4.22168,1.33886,3.74E-05,3.74E-05,3.74E-05
3,29.7003,1.70363,4.07842,1.43927,0.00271,0.16406,0.0389,0.02728,1.22724,4.11936,1.21137,6.23E-05,6.23E-05,6.23E-05
4,39.2453,1.55083,4.24142,1.28557,0.00294,0.1875,0.0476,0.03885,1.14483,3.99277,1.11772,8.70E-05,8.70E-05,8.70E-05
5,48.563,1.34138,3.8348,1.21259,0.00313,0.20722,0.08868,0.06751,1.05292,3.92323,1.05677,0.000111609,0.000111609,0.000111609
6,57.7865,1.24659,3.75952,1.13324,0.00357,0.23547,0.15484,0.11585,0.99206,3.86669,1.01236,0.000136139,0.000136139,0.000136139
7,67.0914,1.26125,3.56958,1.2063,0.00422,0.32276,0.18311,0.14961,0.97867,3.835,0.98827,0.00016057,0.00016057,0.00016057
8,76.3182,1.31561,3.48424,1.15456,0.0045,0.35155,0.19773,0.16401,0.95312,3.81188,0.95913,0.000184901,0.000184901,0.000184901
9,85.7743,1.30231,3.22209,1.19285,0.00447,0.35155,0.19868,0.15994,1.0171,3.80435,0.97842,0.000209134,0.000209134,0.000209134
10,95.4649,1.23642,3.01774,1.14601,0.00455,0.36116,0.19503,0.15678,0.95469,3.75223,0.94603,0.000233268,0.000233268,0.000233268
11,104.103,1.18689,2.93167,1.07447,0.00593,0.47742,0.19593,0.15257,0.97079,3.7313,0.93673,0.000257303,0.000257303,0.000257303
12,112.912,1.23441,2.78962,1.14766,0.0061,0.55569,0.19362,0.14153,0.98252,3.71933,0.93343,0.000281238,0.000281238,0.000281238
13,121.901,1.25771,2.70474,1.12327,0.00634,0.59873,0.19569,0.14869,0.9856,3.71888,0.93244,0.000305075,0.000305075,0.000305075
14,131.063,1.20034,2.41237,0.99304,0.00639,0.61009,0.20035,0.14993,0.98794,3.70538,0.93584,0.000328813,0.000328813,0.000328813
15,139.9,1.15965,2.20165,1.01727,0.00622,0.59873,0.20311,0.14649,0.98503,3.72731,0.94527,0.000352451,0.000352451,0.000352451
16,148.999,1.07247,2.07859,1.0518,0.006,0.576,0.19792,0.15107,0.96593,3.70135,0.95083,0.000375991,0.000375991,0.000375991
17,158.041,1.0897,1.83205,1.03644,0.00533,0.51918,0.19708,0.14702,0.97456,3.72637,0.95719,0.000399432,0.000399432,0.000399432
18,166.9,1.18647,1.89204,1.01896,0.00553,0.5288,0.21696,0.15091,1.03438,3.70286,0.97319,0.000422774,0.000422774,0.000422774
19,175.748,0.9848,1.66314,1.05815,0.00555,0.50782,0.2053,0.14162,1.09382,3.70271,0.99059,0.000446017,0.000446017,0.000446017
20,184.709,1.03263,1.80103,1.10013,0.00361,0.27043,0.15269,0.09512,1.02566,3.82006,1.04141,0.00046916,0.00046916,0.00046916
21,193.542,1.13866,1.69403,1.07324,0.00299,0.23558,0.10335,0.06348,1.04098,3.88806,1.06982,0.000492205,0.000492205,0.000492205
22,202.413,1.21007,1.73422,1.24422,0.00216,0.17127,0.03847,0.01433,1.06983,3.94598,1.08442,0.000515151,0.000515151,0.000515151
23,211.74,1.01805,1.37688,0.99642,0.00152,0.11298,0.03177,0.01521,1.06531,3.95757,1.0941,0.000537997,0.000537997,0.000537997
24,221.644,1.11008,1.33945,1.05985,0.0017,0.12861,0.09951,0.06494,1.01973,3.88689,1.05285,0.000560745,0.000560745,0.000560745
25,230.558,1.15597,1.41553,1.18778,0.00324,0.27224,0.08608,0.06588,1.00233,3.84353,1.06086,0.000583394,0.000583394,0.000583394
26,239.371,1.18122,1.37661,1.06404,0.00481,0.42248,0.12602,0.09805,0.98021,3.77536,1.0394,0.000605944,0.000605944,0.000605944
27,248.368,1.06985,1.27359,1.05748,0.0054,0.46695,0.13519,0.10533,0.99921,3.77607,1.05997,0.000628394,0.000628394,0.000628394
28,257.362,1.00281,1.18332,0.96435,0.0057,0.48257,0.22909,0.17208,1.02265,3.73575,1.12588,0.000650746,0.000650746,0.000650746
29,266.304,1.06094,1.17347,1.03634,0.00612,0.50993,0.22509,0.16341,1.04651,3.71727,1.16881,0.000672999,0.000672999,0.000672999
30,275.243,1.02185,1.22387,1.04899,0.0062,0.49749,0.18838,0.13763,0.99669,3.71195,1.15486,0.000695153,0.000695153,0.000695153
31,283.958,1.02821,1.18498,1.06089,0.00616,0.50885,0.14399,0.10893,0.96338,3.65592,1.1146,0.000717207,0.000717207,0.000717207
32,292.896,1.09116,1.24477,1.00582,1,0.05186,0.15834,0.12707,0.97558,3.62022,1.06855,0.000739163,0.000739163,0.000739163
33,301.772,1.03094,1.22066,1.07605,1,0.05641,0.25111,0.20376,0.91966,3.51009,1.0367,0.00076102,0.00076102,0.00076102
34,310.602,0.98677,1.01842,1.03433,1,0.05675,0.3693,0.27196,0.92181,3.33647,1.04097,0.000782778,0.000782778,0.000782778
35,319.55,0.89424,1.1029,0.98399,1,0.05409,0.42318,0.31562,0.9163,3.28196,1.03926,0.000804437,0.000804437,0.000804437
36,328.543,0.95262,1.02085,1.00051,1,0.05431,0.42965,0.33136,0.88701,3.29784,1.0223,0.000825996,0.000825996,0.000825996
37,337.412,0.94314,1.00567,0.94763,0.91509,0.30723,0.47525,0.36758,0.89058,3.23653,1.0188,0.000847457,0.000847457,0.000847457
38,346.239,1.00927,1.06735,0.97811,1,0.15003,0.49651,0.38065,0.88667,3.16402,1.01398,0.000868819,0.000868819,0.000868819
39,355,0.93686,1.10974,1.05156,1,0.14747,0.51121,0.37907,0.8984,3.08795,1.00516,0.000890081,0.000890081,0.000890081
40,363.8,0.97388,1.03867,0.94818,1,0.13321,0.55837,0.41297,0.90849,3.02116,1.01392,0.000911245,0.000911245,0.000911245
41,373.02,0.97027,1.0928,0.96575,1,0.11688,0.68076,0.50746,0.90516,2.8687,1.01898,0.00093231,0.00093231,0.00093231
42,381.72,0.89368,0.95159,0.95992,1,0.1534,0.7938,0.6043,0.88131,2.72841,1.0091,0.000953276,0.000953276,0.000953276
43,390.795,0.83131,0.9723,1.01909,1,0.18915,0.8179,0.63311,0.86667,2.67067,0.99942,0.000974142,0.000974142,0.000974142
44,399.757,0.86158,0.99363,0.9966,1,0.19781,0.82798,0.63693,0.8745,2.67546,1.01597,0.00099491,0.00099491,0.00099491
45,408.734,0.98521,1.13524,1.03853,1,0.26427,0.86327,0.64764,0.88505,2.5704,1.0404,0.00101558,0.00101558,0.00101558
46,417.696,0.94203,0.94741,1.05334,1,0.26278,0.90653,0.68571,0.88237,2.53539,1.04053,0.00103615,0.00103615,0.00103615
47,426.694,0.88594,0.8757,1.01288,1,0.27376,0.97581,0.76368,0.86684,2.40691,1.02201,0.00105662,0.00105662,0.00105662
48,435.779,0.99547,0.89429,1.0195,1,0.29933,0.97789,0.77053,0.85341,2.29143,1.01078,0.00107699,0.00107699,0.00107699
49,444.726,1.10194,1.13641,1.05103,1,0.24464,0.98199,0.75732,0.87459,2.29795,1.02188,0.00109726,0.00109726,0.00109726
50,453.72,0.91363,0.88199,0.9733,0.99452,0.24116,0.98493,0.77533,0.85611,2.29212,1.00903,0.00111744,0.00111744,0.00111744
51,463.458,0.91404,0.9898,0.99928,0.95531,0.28738,0.96287,0.73925,0.86828,2.27913,1.00893,0.00112625,0.00112625,0.00112625
52,473.134,0.86393,0.90722,0.94151,0.88331,0.39395,0.93429,0.66066,0.93143,2.28002,1.03424,0.00112378,0.00112378,0.00112378
53,482.107,0.88671,0.87616,0.97137,0.85754,0.53359,0.92927,0.70298,0.8746,2.06231,1.00589,0.0011213,0.0011213,0.0011213
54,490.849,0.90872,1.06265,1.09722,0.86172,0.435,0.93355,0.69227,0.90303,2.11452,1.01386,0.00111882,0.00111882,0.00111882
55,499.559,0.93008,0.89731,1.02208,0.8621,0.40442,0.91444,0.7117,0.83722,2.16903,0.99992,0.00111635,0.00111635,0.00111635
56,508.48,0.76988,0.96102,0.94623,0.90192,0.28415,0.83585,0.67148,0.80701,2.35031,0.98898,0.00111388,0.00111388,0.00111388
57,517.372,0.8935,0.91201,0.99307,0.96234,0.45264,0.92258,0.72124,0.81202,2.23958,0.97688,0.0011114,0.0011114,0.0011114
58,526.126,0.85802,0.92549,1.00001,0.97447,0.6409,0.9827,0.75399,0.86478,1.98502,0.993,0.00110892,0.00110892,0.00110892
59,534.903,0.92123,0.80778,0.99429,0.96692,0.90972,0.98927,0.7638,0.88089,1.68315,1.00134,0.00110645,0.00110645,0.00110645
60,543.612,0.93209,0.98688,0.97106,0.97733,0.95196,0.99456,0.78639,0.81587,1.5025,0.97721,0.00110397,0.00110397,0.00110397
61,552.479,0.79032,0.93284,0.99104,0.97884,0.92988,0.99084,0.78202,0.77938,1.5223,0.9673,0.0011015,0.0011015,0.0011015
62,561.294,0.73041,0.88863,0.98609,0.97082,0.95509,0.99055,0.77688,0.8054,1.56992,0.97788,0.00109903,0.00109903,0.00109903
63,570.015,0.82073,0.85512,0.96888,0.96018,0.98538,0.99432,0.78976,0.80075,1.441,0.97809,0.00109655,0.00109655,0.00109655
64,579.079,1.09677,1.12163,1.07113,0.97186,0.99211,0.99477,0.78392,0.80363,1.22085,0.98888,0.00109408,0.00109408,0.00109408
65,588.13,0.83899,0.88794,0.972,0.9732,0.99632,0.995,0.79076,0.8064,1.14822,0.99536,0.0010916,0.0010916,0.0010916
66,596.974,0.83985,0.78583,0.95506,0.96214,0.98293,0.995,0.78799,0.79131,1.26588,0.99603,0.00108913,0.00108913,0.00108913
67,605.568,0.77775,0.81912,0.93555,0.97309,0.98135,0.99449,0.78114,0.80112,1.41981,0.99372,0.00108665,0.00108665,0.00108665
68,614.509,0.90423,0.9168,0.98616,0.99735,0.94236,0.99477,0.79694,0.78302,1.37677,0.98039,0.00108417,0.00108417,0.00108417
69,623.354,0.86737,0.88127,0.95499,0.99926,0.9363,0.98229,0.78722,0.80616,1.31076,0.98638,0.0010817,0.0010817,0.0010817
70,632.103,0.83454,0.79584,0.96228,1,0.95575,0.97997,0.77742,0.82421,1.20845,0.99042,0.00107923,0.00107923,0.00107923
71,640.786,0.85999,0.74824,0.99237,0.9925,0.9698,0.97968,0.78325,0.82372,1.16504,0.98262,0.00107675,0.00107675,0.00107675
72,649.553,0.79312,0.81852,0.9586,0.98736,0.95439,0.98014,0.78697,0.82011,1.13,0.98641,0.00107427,0.00107427,0.00107427
73,658.283,0.73424,0.83381,0.92526,0.97492,0.9488,0.97964,0.77569,0.85561,1.20695,1.0131,0.0010718,0.0010718,0.0010718
74,667.243,0.82311,0.74592,0.94334,0.9763,0.9467,0.97912,0.77176,0.85839,1.13855,1.02612,0.00106933,0.00106933,0.00106933
75,676.396,0.82892,0.7808,0.93566,0.98442,0.95237,0.97968,0.77457,0.85908,1.09472,1.02413,0.00106685,0.00106685,0.00106685
76,685.277,0.82535,0.76641,0.92976,0.98221,0.95908,0.98053,0.77132,0.84087,1.08034,1.01012,0.00106437,0.00106437,0.00106437
77,694.333,0.84629,0.85782,0.97578,0.98391,0.94845,0.97922,0.76813,0.81768,1.08444,1.01474,0.0010619,0.0010619,0.0010619
78,703.081,0.87877,0.83146,1.02638,0.98402,0.95416,0.97442,0.74865,0.87191,1.07199,1.0454,0.00105942,0.00105942,0.00105942
79,711.891,0.81593,0.76396,0.94706,0.98165,0.96161,0.97733,0.75296,0.88913,1.02613,1.06335,0.00105695,0.00105695,0.00105695
80,720.896,0.86455,0.77309,0.96499,0.98868,0.95977,0.98301,0.74165,0.90901,1.06512,1.07553,0.00105448,0.00105448,0.00105448
81,729.901,0.8548,0.8068,0.95614,0.99195,0.96913,0.99017,0.74805,0.89808,1.05586,1.05394,0.001052,0.001052,0.001052
82,738.668,0.82774,0.76172,0.9934,0.99021,0.9783,0.99182,0.78536,0.82133,0.96127,1.01184,0.00104952,0.00104952,0.00104952
83,747.497,0.74215,0.74067,0.91698,0.98747,0.98175,0.99432,0.80258,0.78717,0.85937,0.99377,0.00104705,0.00104705,0.00104705
84,756.434,0.83337,0.77376,0.97743,0.97656,0.99414,0.99432,0.79122,0.80979,0.83294,0.99355,0.00104458,0.00104458,0.00104458
85,765.148,0.73689,0.77999,0.99612,0.96124,1,0.99386,0.78111,0.8544,0.87759,1.00074,0.0010421,0.0010421,0.0010421
86,774.009,0.8198,0.7153,0.96114,0.96886,0.97984,0.99363,0.78701,0.86404,0.92467,0.99952,0.00103962,0.00103962,0.00103962
87,782.557,0.74179,0.69333,0.94802,0.98396,0.99093,0.99432,0.79008,0.8156,0.89773,0.98216,0.00103715,0.00103715,0.00103715
88,791.508,0.82414,0.78008,0.97147,0.98396,0.95019,0.99409,0.79421,0.7814,0.89134,0.96676,0.00103468,0.00103468,0.00103468
89,800.49,0.75161,0.70623,0.9686,0.98812,0.946,0.9939,0.80007,0.76057,0.86852,0.9519,0.0010322,0.0010322,0.0010322
90,809.214,0.81211,0.6995,0.90834,0.99177,0.96484,0.99023,0.79945,0.75648,0.85649,0.95065,0.00102972,0.00102972,0.00102972
91,817.982,0.73311,0.67937,0.99473,0.98885,0.98105,0.98843,0.80092,0.76633,0.80131,0.95643,0.00102725,0.00102725,0.00102725
92,827.633,0.78873,0.70822,0.96352,0.98511,0.97701,0.98756,0.79103,0.77136,0.79278,0.96569,0.00102478,0.00102478,0.00102478
93,836.642,0.74526,0.68154,0.9548,0.98556,0.97939,0.98539,0.7872,0.76724,0.76007,0.9662,0.0010223,0.0010223,0.0010223
94,845.639,0.78355,0.7215,0.93628,0.98555,0.98359,0.98284,0.78613,0.77256,0.75009,0.97155,0.00101983,0.00101983,0.00101983
95,854.598,0.82678,0.75148,0.95486,0.98901,0.98145,0.98339,0.79341,0.746,0.71336,0.96201,0.00101735,0.00101735,0.00101735
96,863.407,0.82232,0.7497,0.89859,0.99318,0.99035,0.995,0.79153,0.764,0.68415,0.96119,0.00101488,0.00101488,0.00101488
97,872.153,0.78716,0.73509,0.97423,0.99677,0.9958,0.995,0.79685,0.7456,0.65843,0.94587,0.0010124,0.0010124,0.0010124
98,880.968,0.86295,0.6788,0.93629,0.99363,0.99855,0.995,0.80312,0.73431,0.66385,0.94058,0.00100993,0.00100993,0.00100993
99,889.918,0.75468,0.68796,0.93192,0.99355,0.99763,0.995,0.80132,0.74764,0.69503,0.95064,0.00100745,0.00100745,0.00100745
100,898.832,0.72949,0.6205,0.8905,0.99018,1,0.995,0.80926,0.74736,0.72293,0.95674,0.00100497,0.00100497,0.00100497
101,907.816,0.81762,0.70892,0.98777,0.98198,0.9848,0.995,0.8119,0.72863,0.74013,0.94943,0.0010025,0.0010025,0.0010025
102,916.626,0.69209,0.60284,0.9147,0.9687,0.97855,0.99417,0.81991,0.70895,0.73414,0.94398,0.00100003,0.00100003,0.00100003
103,925.463,0.90206,0.7216,0.97212,0.94286,0.98771,0.99195,0.80647,0.70655,0.75826,0.94003,0.00099755,0.00099755,0.00099755
104,934.392,0.76132,0.65473,0.9713,0.92379,0.96859,0.99099,0.78477,0.75815,0.78715,0.95998,0.000995075,0.000995075,0.000995075
105,943.361,0.7741,0.65125,0.92965,0.94347,0.93922,0.99266,0.78425,0.76947,0.77247,0.96568,0.0009926,0.0009926,0.0009926
106,952.089,0.80306,0.66426,0.93268,0.98289,0.99536,0.995,0.80522,0.7106,0.68944,0.94283,0.000990125,0.000990125,0.000990125
107,961.044,0.74264,0.62864,0.88764,0.98179,1,0.995,0.82602,0.67304,0.63557,0.92157,0.00098765,0.00098765,0.00098765
108,969.846,0.76772,0.63675,0.92576,0.97813,1,0.995,0.82806,0.66956,0.62862,0.91886,0.000985175,0.000985175,0.000985175
109,978.721,0.8039,0.66612,0.99804,0.98689,1,0.995,0.81923,0.67739,0.62913,0.92294,0.0009827,0.0009827,0.0009827
110,987.373,0.83207,0.67727,0.99941,0.99285,0.99781,0.995,0.82117,0.68699,0.62651,0.92654,0.000980225,0.000980225,0.000980225
111,996.121,0.84549,0.66065,0.95172,0.98962,0.99776,0.995,0.83404,0.6786,0.62467,0.9248,0.00097775,0.00097775,0.00097775
112,1005.2,0.77957,0.72214,0.99259,0.99022,0.99571,0.995,0.839,0.67144,0.60683,0.92356,0.000975275,0.000975275,0.000975275
113,1014.1,0.69392,0.60294,0.91313,0.99242,0.99431,0.995,0.83267,0.67133,0.58129,0.925,0.0009728,0.0009728,0.0009728
114,1023,0.71516,0.58259,0.92415,0.99472,0.99282,0.995,0.82301,0.66792,0.56728,0.92226,0.000970325,0.000970325,0.000970325
115,1031.94,0.70637,0.55074,0.90606,0.99613,0.99523,0.995,0.83021,0.65722,0.56841,0.91607,0.00096785,0.00096785,0.00096785
116,1041.02,0.74777,0.59017,0.9201,0.99546,1,0.995,0.83735,0.65228,0.56902,0.90959,0.000965375,0.000965375,0.000965375
117,1049.67,0.72854,0.61939,0.88953,0.9929,0.9969,0.995,0.84097,0.66279,0.58704,0.90888,0.0009629,0.0009629,0.0009629
118,1058.46,0.7629,0.79399,0.9988,0.98768,0.99401,0.995,0.83866,0.66692,0.61793,0.90945,0.000960425,0.000960425,0.000960425
119,1067.42,0.70296,0.6185,0.94754,0.98268,0.99685,0.995,0.83591,0.67008,0.62849,0.91505,0.00095795,0.00095795,0.00095795
120,1076.77,0.76193,0.62395,0.93793,0.98612,0.98926,0.995,0.83466,0.66595,0.6244,0.91845,0.000955475,0.000955475,0.000955475
121,1085.9,0.73262,0.63346,0.92122,0.99522,0.98091,0.995,0.8387,0.64693,0.59844,0.91352,0.000953,0.000953,0.000953
122,1094.59,0.70744,0.66979,0.92742,0.99211,0.97898,0.995,0.83468,0.65451,0.57446,0.91425,0.000950525,0.000950525,0.000950525
123,1103.69,0.73426,0.57516,0.93225,0.98491,0.98608,0.995,0.83123,0.67371,0.57796,0.92052,0.00094805,0.00094805,0.00094805
124,1112.51,0.72447,0.56482,0.9347,0.99162,0.98217,0.995,0.83507,0.67091,0.58316,0.92113,0.000945575,0.000945575,0.000945575
125,1121.33,0.71805,0.63738,0.91256,0.98309,0.99743,0.99477,0.833,0.66312,0.58156,0.91682,0.0009431,0.0009431,0.0009431
126,1130.07,0.72626,0.62679,0.92574,0.98415,0.99379,0.99477,0.83106,0.65913,0.58086,0.91506,0.000940625,0.000940625,0.000940625
127,1138.85,0.67747,0.60131,0.90433,0.98795,0.99219,0.99456,0.83566,0.65666,0.57943,0.91723,0.00093815,0.00093815,0.00093815
128,1147.58,0.73605,0.61652,0.90699,0.98659,0.99219,0.99477,0.83156,0.65277,0.5754,0.91649,0.000935675,0.000935675,0.000935675
129,1156.66,0.71107,0.62654,0.94968,0.98952,0.99638,0.995,0.83374,0.65211,0.56701,0.91637,0.0009332,0.0009332,0.0009332
130,1165.39,0.7139,0.6238,0.91891,0.98442,0.99219,0.99417,0.83796,0.6653,0.58419,0.92258,0.000930725,0.000930725,0.000930725
131,1174.18,0.67977,0.5916,0.95411,0.98747,0.99219,0.99382,0.83715,0.65262,0.61102,0.92191,0.00092825,0.00092825,0.00092825
132,1182.86,0.78474,0.60093,0.9337,0.98883,0.98884,0.99308,0.84053,0.64521,0.61386,0.92071,0.000925775,0.000925775,0.000925775
133,1191.64,0.70453,0.54559,0.87232,0.99519,0.98767,0.99261,0.83521,0.65465,0.58954,0.92126,0.0009233,0.0009233,0.0009233
134,1200.5,0.74794,0.6151,0.91977,0.99609,0.99102,0.99295,0.83067,0.66007,0.58188,0.91822,0.000920825,0.000920825,0.000920825
135,1209.24,0.72623,0.64173,0.95652,0.99155,0.99219,0.99365,0.82517,0.66652,0.59871,0.91977,0.00091835,0.00091835,0.00091835
136,1217.94,0.81245,0.64137,0.99997,0.97994,0.99219,0.99477,0.8326,0.67931,0.60917,0.92714,0.000915875,0.000915875,0.000915875
137,1226.78,0.69718,0.60784,0.9269,0.98396,1,0.995,0.83023,0.67609,0.59441,0.92658,0.0009134,0.0009134,0.0009134
138,1235.47,0.76383,0.57341,0.90115,0.98953,1,0.995,0.83304,0.65642,0.56777,0.92084,0.000910925,0.000910925,0.000910925
139,1244.41,0.72632,0.59465,0.97688,0.99062,0.99864,0.995,0.83021,0.64116,0.54946,0.91785,0.00090845,0.00090845,0.00090845
140,1253.01,0.75534,0.58978,0.94621,0.99486,0.99974,0.995,0.8282,0.65669,0.53558,0.92248,0.000905975,0.000905975,0.000905975
141,1261.84,0.70404,0.53103,0.90864,0.99262,1,0.995,0.84376,0.63195,0.51904,0.91488,0.0009035,0.0009035,0.0009035
142,1270.82,0.73654,0.54661,0.86126,0.99072,1,0.995,0.84996,0.61225,0.51941,0.90689,0.000901025,0.000901025,0.000901025
143,1280.21,0.73028,0.5772,0.92963,0.9895,1,0.995,0.83898,0.62111,0.50653,0.90653,0.00089855,0.00089855,0.00089855
144,1289.16,0.74255,0.59336,0.95377,0.9882,1,0.995,0.84061,0.63065,0.49872,0.90778,0.000896075,0.000896075,0.000896075
145,1297.92,0.73703,0.55885,0.93544,0.99261,0.99783,0.995,0.84019,0.64919,0.49664,0.91691,0.0008936,0.0008936,0.0008936
146,1306.89,0.67812,0.55349,0.92177,0.99549,0.99417,0.995,0.83761,0.64577,0.48967,0.91515,0.000891125,0.000891125,0.000891125
147,1315.74,0.69093,0.50923,0.92789,0.99701,0.99295,0.995,0.84802,0.6114,0.479,0.90141,0.00088865,0.00088865,0.00088865
148,1324.93,0.65274,0.5711,0.99301,0.99608,0.99419,0.995,0.85589,0.61042,0.47201,0.901,0.000886175,0.000886175,0.000886175
149,1334.09,0.67577,0.50884,0.90675,0.99013,1,0.995,0.85325,0.61406,0.47572,0.90379,0.0008837,0.0008837,0.0008837
150,1342.94,0.6312,0.56591,0.88845,0.98422,1,0.995,0.85275,0.60809,0.48395,0.90164,0.000881225,0.000881225,0.000881225
151,1352.05,0.64617,0.5146,0.86499,0.98884,1,0.995,0.8495,0.61033,0.48456,0.9018,0.00087875,0.00087875,0.00087875
152,1360.97,0.59787,0.53033,0.92415,0.99436,1,0.995,0.85296,0.60395,0.47451,0.8996,0.000876275,0.000876275,0.000876275
153,1369.72,0.63479,0.51749,0.9263,0.99298,0.9981,0.995,0.8495,0.60859,0.47127,0.90158,0.0008738,0.0008738,0.0008738
154,1378.45,0.66961,0.49704,0.88761,0.9944,0.99449,0.995,0.8476,0.61873,0.47565,0.90697,0.000871325,0.000871325,0.000871325
155,1387.34,0.68498,0.51497,0.89743,0.99479,0.99347,0.995,0.85252,0.60679,0.47128,0.90529,0.00086885,0.00086885,0.00086885
156,1396.13,0.61954,0.5685,0.88359,0.99476,0.99233,0.995,0.86158,0.59382,0.48386,0.90211,0.000866375,0.000866375,0.000866375
157,1404.99,0.71717,0.55946,0.96869,0.99396,0.99188,0.995,0.85282,0.59973,0.49148,0.9039,0.0008639,0.0008639,0.0008639
158,1413.81,0.66691,0.49974,0.92772,0.99014,0.99157,0.995,0.85353,0.61783,0.49726,0.90859,0.000861425,0.000861425,0.000861425
159,1422.79,0.64678,0.50723,0.87957,0.9865,0.99258,0.995,0.85391,0.6173,0.48994,0.90913,0.00085895,0.00085895,0.00085895
160,1431.91,0.60921,0.53685,0.928,0.99001,0.9926,0.995,0.84861,0.61852,0.48738,0.90873,0.000856475,0.000856475,0.000856475
161,1441.15,0.72524,0.58495,0.94161,0.99329,0.99298,0.995,0.85582,0.61281,0.48571,0.90472,0.000854,0.000854,0.000854
162,1449.95,0.71251,0.5287,0.91688,0.99587,0.99315,0.995,0.86186,0.59267,0.48081,0.89714,0.000851525,0.000851525,0.000851525
163,1458.85,0.72736,0.52999,0.95124,0.99709,0.99388,0.995,0.86332,0.58703,0.47783,0.89621,0.00084905,0.00084905,0.00084905
164,1467.76,0.67672,0.54841,0.9432,0.99541,0.99631,0.995,0.85361,0.6029,0.47476,0.90332,0.000846575,0.000846575,0.000846575
165,1476.73,0.73789,0.54718,0.90017,0.99412,0.99855,0.995,0.85838,0.59059,0.47354,0.90061,0.0008441,0.0008441,0.0008441
166,1485.53,0.68824,0.53783,0.91722,0.99585,0.9971,0.995,0.85918,0.57718,0.46721,0.89888,0.000841625,0.000841625,0.000841625
167,1494.27,0.77362,0.59141,0.95946,0.997,0.9943,0.995,0.8637,0.57328,0.47088,0.89894,0.00083915,0.00083915,0.00083915
168,1503.32,0.73868,0.56848,0.93859,0.99787,0.99308,0.995,0.86442,0.57892,0.46578,0.89841,0.000836675,0.000836675,0.000836675
169,1512.37,0.66505,0.51332,0.88021,0.99697,0.9931,0.995,0.86037,0.57804,0.45887,0.89745,0.0008342,0.0008342,0.0008342
170,1521.28,0.63302,0.50072,0.92031,0.99357,0.99846,0.995,0.86196,0.56739,0.45442,0.89601,0.000831725,0.000831725,0.000831725
171,1530.27,0.64004,0.49717,0.88977,0.99445,0.99905,0.995,0.86436,0.5719,0.4501,0.8975,0.00082925,0.00082925,0.00082925
172,1539.16,0.61462,0.50058,0.90455,0.99514,0.99989,0.995,0.86501,0.56689,0.45066,0.89664,0.000826775,0.000826775,0.000826775
173,1548.24,0.53881,0.48908,0.85997,0.99526,1,0.995,0.86155,0.56874,0.45506,0.89754,0.0008243,0.0008243,0.0008243
174,1557.13,0.68112,0.50357,0.97363,0.996,1,0.995,0.85809,0.57679,0.45974,0.898,0.000821825,0.000821825,0.000821825
175,1566.3,0.67463,0.50864,0.87419,0.9959,1,0.995,0.85496,0.58409,0.46082,0.89923,0.00081935,0.00081935,0.00081935
176,1575.77,0.66986,0.52405,0.94535,0.99676,1,0.995,0.85062,0.60842,0.46458,0.90255,0.000816875,0.000816875,0.000816875
177,1584.97,0.65336,0.48693,0.89711,0.99694,1,0.995,0.86337,0.58599,0.45806,0.89553,0.0008144,0.0008144,0.0008144
178,1593.78,0.66936,0.68232,0.9815,0.99613,1,0.995,0.85319,0.5794,0.46279,0.8932,0.000811925,0.000811925,0.000811925
179,1602.62,0.72509,0.5094,0.90621,0.99544,1,0.995,0.85135,0.59046,0.45881,0.89524,0.00080945,0.00080945,0.00080945
180,1611.49,0.65723,0.47884,0.87926,0.99515,1,0.995,0.85068,0.60729,0.44924,0.89912,0.000806975,0.000806975,0.000806975
181,1620.35,0.6624,0.49624,0.91073,0.99595,1,0.995,0.86776,0.56541,0.43684,0.88647,0.0008045,0.0008045,0.0008045
182,1629.24,0.71196,0.57433,0.93031,0.99645,1,0.995,0.86621,0.54219,0.44257,0.88226,0.000802025,0.000802025,0.000802025
183,1638.19,0.61128,0.47863,0.89725,0.99505,1,0.995,0.87098,0.53313,0.45008,0.88083,0.00079955,0.00079955,0.00079955
184,1647.24,0.69505,0.6193,1.0303,0.99477,1,0.995,0.87208,0.54613,0.45207,0.88586,0.000797075,0.000797075,0.000797075
185,1656.15,0.63845,0.48961,0.88281,0.9942,1,0.995,0.85284,0.56099,0.45603,0.89274,0.0007946,0.0007946,0.0007946
186,1664.99,0.55807,0.46283,0.88361,0.99544,1,0.995,0.85681,0.5671,0.46096,0.89728,0.000792125,0.000792125,0.000792125
187,1673.65,0.63703,0.48624,0.8763,0.99607,1,0.995,0.85917,0.55737,0.46005,0.8972,0.00078965,0.00078965,0.00078965
188,1682.5,0.61276,0.48873,0.89049,0.99622,1,0.995,0.86052,0.5564,0.45685,0.89383,0.000787175,0.000787175,0.000787175
189,1691.34,0.64443,0.46279,0.88424,0.99582,1,0.995,0.84984,0.57178,0.45165,0.89488,0.0007847,0.0007847,0.0007847
190,1700.19,0.64005,0.50219,0.92338,0.9959,1,0.995,0.8532,0.57609,0.442,0.89498,0.000782225,0.000782225,0.000782225
191,1709.16,0.64758,0.49684,0.94688,0.99589,0.99913,0.995,0.84904,0.5753,0.4335,0.895,0.00077975,0.00077975,0.00077975
192,1718.05,0.60519,0.47408,0.92457,0.99455,0.99951,0.995,0.85504,0.5765,0.43112,0.89601,0.000777275,0.000777275,0.000777275
193,1726.79,0.68718,0.50311,0.95108,0.99365,0.99993,0.995,0.849,0.56859,0.42959,0.89153,0.0007748,0.0007748,0.0007748
194,1735.54,0.59385,0.45741,0.87305,0.99566,1,0.995,0.86531,0.54877,0.42379,0.88602,0.000772325,0.000772325,0.000772325
195,1744.27,0.59758,0.46557,0.91049,0.99672,1,0.995,0.87319,0.54285,0.42623,0.8837,0.00076985,0.00076985,0.00076985
196,1753.46,0.62784,0.4495,0.8559,0.99582,1,0.995,0.87467,0.53025,0.43168,0.87918,0.000767375,0.000767375,0.000767375
197,1762.15,0.63187,0.48707,0.88818,0.99594,1,0.995,0.87883,0.53094,0.42653,0.87863,0.0007649,0.0007649,0.0007649
198,1771.31,0.58757,0.45095,0.87552,0.99682,1,0.995,0.8607,0.54158,0.43036,0.88059,0.000762425,0.000762425,0.000762425
199,1780.22,0.65639,0.48957,0.85222,0.99616,1,0.995,0.86216,0.54556,0.42448,0.8817,0.00075995,0.00075995,0.00075995
200,1789.05,0.66485,0.50269,0.8909,0.9962,0.99901,0.995,0.86197,0.54241,0.42464,0.88128,0.000757475,0.000757475,0.000757475
201,1797.87,0.62609,0.51489,0.90564,0.99543,0.99846,0.995,0.86991,0.54023,0.42539,0.88006,0.000755,0.000755,0.000755
202,1806.88,0.65039,0.56643,0.88447,0.9954,0.9988,0.995,0.8771,0.53983,0.42546,0.87891,0.000752525,0.000752525,0.000752525
203,1815.73,0.73497,0.54402,1.01048,0.99477,0.99997,0.995,0.88003,0.52575,0.42111,0.87545,0.00075005,0.00075005,0.00075005
204,1824.91,0.58238,0.46542,0.87743,0.99585,1,0.995,0.87788,0.51938,0.4218,0.87555,0.000747575,0.000747575,0.000747575
205,1833.68,0.62536,0.44476,0.8608,0.99465,1,0.995,0.86825,0.52796,0.42176,0.8765,0.0007451,0.0007451,0.0007451
206,1842.47,0.65804,0.48551,0.87903,0.99517,1,0.995,0.87358,0.53555,0.42175,0.87672,0.000742625,0.000742625,0.000742625
207,1851.34,0.64166,0.48206,0.98612,0.9963,1,0.995,0.86366,0.54644,0.41578,0.88031,0.00074015,0.00074015,0.00074015
208,1860.19,0.62911,0.47941,0.89091,0.99673,1,0.995,0.87292,0.54501,0.40888,0.87902,0.000737675,0.000737675,0.000737675
209,1869.04,0.57084,0.45587,0.87377,0.99578,1,0.995,0.88335,0.51393,0.40541,0.86998,0.0007352,0.0007352,0.0007352
210,1878.1,0.60765,0.4478,0.90317,0.99492,1,0.995,0.87179,0.51983,0.41087,0.87096,0.000732725,0.000732725,0.000732725
211,1887.05,0.59857,0.43627,0.89233,0.99449,1,0.995,0.87604,0.53279,0.41327,0.87509,0.00073025,0.00073025,0.00073025
212,1895.61,0.65531,0.49786,0.89672,0.99383,1,0.995,0.87626,0.52648,0.41703,0.87194,0.000727775,0.000727775,0.000727775
213,1904.26,0.65537,0.46245,0.87064,0.9936,1,0.995,0.87842,0.52109,0.42311,0.86979,0.0007253,0.0007253,0.0007253
214,1912.86,0.5742,0.45663,0.83795,0.99359,1,0.995,0.86935,0.5398,0.42013,0.87727,0.000722825,0.000722825,0.000722825
215,1921.74,0.59036,0.47738,0.90306,0.99317,0.99998,0.995,0.85509,0.5855,0.42995,0.88898,0.00072035,0.00072035,0.00072035
216,1930.4,0.66819,0.49866,0.88728,0.99186,0.99808,0.995,0.85666,0.57168,0.42656,0.88472,0.000717875,0.000717875,0.000717875
217,1939.13,0.65486,0.46817,0.89211,0.9918,0.99851,0.995,0.87035,0.5343,0.40908,0.87602,0.0007154,0.0007154,0.0007154
218,1947.76,0.58757,0.48503,0.90691,0.99329,0.99898,0.995,0.87183,0.52587,0.40335,0.87594,0.000712925,0.000712925,0.000712925
219,1956.86,0.65111,0.46133,0.8915,0.99457,0.99961,0.995,0.87638,0.52357,0.4063,0.87665,0.00071045,0.00071045,0.00071045
220,1965.5,0.69892,0.48029,0.91675,0.99518,1,0.995,0.86318,0.54502,0.41373,0.88213,0.000707975,0.000707975,0.000707975
221,1974.1,0.66938,0.45959,0.9054,0.99599,1,0.995,0.85551,0.55982,0.41687,0.88676,0.0007055,0.0007055,0.0007055
222,1982.89,0.58374,0.44787,0.88814,0.99598,1,0.995,0.86837,0.53731,0.41462,0.88007,0.000703025,0.000703025,0.000703025
223,1991.81,0.57971,0.44434,0.84807,0.99571,1,0.995,0.87754,0.53523,0.41025,0.87849,0.00070055,0.00070055,0.00070055
224,2000.67,0.59395,0.48589,0.84909,0.99564,1,0.995,0.87227,0.54798,0.40974,0.87969,0.000698075,0.000698075,0.000698075
225,2009.4,0.57109,0.45105,0.89731,0.99549,1,0.995,0.87792,0.52689,0.40001,0.8737,0.0006956,0.0006956,0.0006956
226,2018.24,0.53857,0.47879,0.86749,0.99596,1,0.995,0.88502,0.50339,0.3941,0.86941,0.000693125,0.000693125,0.000693125
227,2027.02,0.5688,0.46226,0.86985,0.99634,1,0.995,0.88232,0.51133,0.39275,0.8715,0.00069065,0.00069065,0.00069065
228,2036.25,0.58575,0.45666,0.86254,0.9966,1,0.995,0.87331,0.51425,0.39232,0.87166,0.000688175,0.000688175,0.000688175
229,2045.99,0.56401,0.44045,0.88512,0.99636,1,0.995,0.88676,0.52561,0.4018,0.87242,0.0006857,0.0006857,0.0006857
230,2054.98,0.63704,0.45128,0.87763,0.99604,1,0.995,0.87882,0.52845,0.40447,0.87328,0.000683225,0.000683225,0.000683225
231,2063.6,0.62697,0.45381,0.89019,0.99579,1,0.995,0.87702,0.5208,0.39636,0.87082,0.00068075,0.00068075,0.00068075
232,2072.24,0.56658,0.45913,0.8576,0.99637,1,0.995,0.87662,0.52758,0.38853,0.87136,0.000678275,0.000678275,0.000678275
233,2081.13,0.62416,0.4321,0.84003,0.99597,1,0.995,0.8707,0.53171,0.38466,0.87438,0.0006758,0.0006758,0.0006758
234,2090.02,0.58109,0.43477,0.89285,0.99621,1,0.995,0.87133,0.53065,0.38148,0.87385,0.000673325,0.000673325,0.000673325
235,2098.84,0.54919,0.39843,0.86114,0.99574,1,0.995,0.87958,0.52173,0.37907,0.87071,0.00067085,0.00067085,0.00067085
236,2107.45,0.66708,0.46894,0.88789,0.99539,1,0.995,0.88617,0.50958,0.38144,0.86823,0.000668375,0.000668375,0.000668375
237,2116.09,0.56674,0.42423,0.86203,0.99549,1,0.995,0.88815,0.50577,0.38971,0.8661,0.0006659,0.0006659,0.0006659
238,2124.96,0.5537,0.43121,0.85976,0.99457,1,0.995,0.88685,0.51352,0.403,0.86753,0.000663425,0.000663425,0.000663425
239,2133.74,0.624,0.46587,0.96123,0.99378,1,0.995,0.89179,0.51514,0.40086,0.86817,0.00066095,0.00066095,0.00066095
240,2142.54,0.65938,0.47947,0.904,0.99353,1,0.995,0.8911,0.51527,0.39359,0.86844,0.000658475,0.000658475,0.000658475
241,2151.48,0.55892,0.41157,0.84168,0.99366,1,0.995,0.8904,0.50894,0.38387,0.86667,0.000656,0.000656,0.000656
242,2160.26,0.63257,0.45374,0.88116,0.99421,1,0.995,0.88399,0.51254,0.38209,0.86825,0.000653525,0.000653525,0.000653525
243,2169.16,0.60589,0.41721,0.88319,0.99588,1,0.995,0.88488,0.514,0.38119,0.86899,0.00065105,0.00065105,0.00065105
244,2177.97,0.6235,0.47854,0.91874,0.99693,1,0.995,0.8822,0.50829,0.38054,0.86723,0.000648575,0.000648575,0.000648575
245,2186.68,0.56002,0.46096,0.89405,0.99632,1,0.995,0.87876,0.51048,0.39244,0.86653,0.0006461,0.0006461,0.0006461
246,2195.4,0.5986,0.43826,0.89825,0.99498,1,0.995,0.87093,0.51821,0.39696,0.86879,0.000643625,0.000643625,0.000643625
247,2204.19,0.59768,0.42865,0.84893,0.99474,1,0.995,0.87441,0.51376,0.39008,0.86707,0.00064115,0.00064115,0.00064115
248,2213,0.52189,0.4052,0.84419,0.99534,1,0.995,0.87569,0.51177,0.37923,0.86717,0.000638675,0.000638675,0.000638675
249,2221.61,0.58992,0.46389,0.93104,0.99612,1,0.995,0.87661,0.51088,0.37091,0.8679,0.0006362,0.0006362,0.0006362
250,2230.47,0.63609,0.4233,0.91204,0.99651,1,0.995,0.88556,0.49554,0.36251,0.86413,0.000633725,0.000633725,0.000633725
251,2239.24,0.59306,0.44139,0.8937,0.99628,1,0.995,0.89453,0.48729,0.36951,0.86071,0.00063125,0.00063125,0.00063125
252,2248.1,0.52822,0.42221,0.8594,0.99651,1,0.995,0.88999,0.49043,0.37073,0.8627,0.000628775,0.000628775,0.000628775
253,2256.81,0.62682,0.46085,0.91366,0.99683,1,0.995,0.8906,0.49221,0.37002,0.86558,0.0006263,0.0006263,0.0006263
254,2265.34,0.5503,0.40517,0.85766,0.99657,1,0.995,0.88592,0.49362,0.37346,0.86721,0.000623825,0.000623825,0.000623825
255,2273.99,0.52493,0.40293,0.85806,0.99652,1,0.995,0.88893,0.49154,0.37828,0.86548,0.00062135,0.00062135,0.00062135
256,2283.02,0.51237,0.40346,0.82767,0.99691,1,0.995,0.88711,0.50062,0.36976,0.86614,0.000618875,0.000618875,0.000618875
257,2291.8,0.50164,0.41824,0.8661,0.99684,1,0.995,0.88742,0.50177,0.36896,0.86447,0.0006164,0.0006164,0.0006164
258,2300.5,0.53624,0.41634,0.86599,0.99679,1,0.995,0.88955,0.48398,0.36754,0.86131,0.000613925,0.000613925,0.000613925
259,2310.01,0.56539,0.42883,0.86256,0.99683,1,0.995,0.89592,0.47064,0.35983,0.85977,0.00061145,0.00061145,0.00061145
260,2318.93,0.48377,0.39075,0.83286,0.99624,1,0.995,0.89578,0.46978,0.36463,0.8588,0.000608975,0.000608975,0.000608975
261,2327.63,0.67266,0.49374,0.86493,0.99425,1,0.995,0.89238,0.48276,0.37399,0.86179,0.0006065,0.0006065,0.0006065
262,2336.44,0.57399,0.41197,0.86217,0.99382,1,0.995,0.88874,0.49097,0.37719,0.86312,0.000604025,0.000604025,0.000604025
263,2345.06,0.49012,0.38056,0.87208,0.995,1,0.995,0.88769,0.49443,0.36977,0.86356,0.00060155,0.00060155,0.00060155
264,2353.61,0.56384,0.40413,0.90296,0.99618,1,0.995,0.892,0.48204,0.35832,0.86092,0.000599075,0.000599075,0.000599075
265,2362.31,0.51885,0.43079,0.87352,0.99689,1,0.995,0.89408,0.4825,0.35441,0.85927,0.0005966,0.0005966,0.0005966
266,2371.06,0.59582,0.40703,0.88068,0.99735,1,0.995,0.88794,0.49386,0.36612,0.86236,0.000594125,0.000594125,0.000594125
267,2379.78,0.65888,0.42973,0.89605,0.99599,1,0.995,0.88862,0.49898,0.37296,0.86504,0.00059165,0.00059165,0.00059165
268,2388.62,0.72264,0.4813,0.95751,0.99428,0.99928,0.995,0.88812,0.49168,0.37069,0.86285,0.000589175,0.000589175,0.000589175
269,2397.52,0.61237,0.44746,0.89177,0.99568,0.99981,0.995,0.88968,0.47729,0.36939,0.85833,0.0005867,0.0005867,0.0005867
270,2406.45,0.56075,0.42193,0.89004,0.99699,1,0.995,0.89925,0.46278,0.36576,0.85412,0.000584225,0.000584225,0.000584225
271,2415.3,0.55069,0.40197,0.8614,0.99637,1,0.995,0.89431,0.4738,0.36486,0.85526,0.00058175,0.00058175,0.00058175
272,2423.93,0.53033,0.40784,0.86826,0.99484,0.99876,0.995,0.89228,0.48825,0.36772,0.85801,0.000579275,0.000579275,0.000579275
273,2432.73,0.59552,0.43301,0.91159,0.99188,0.99877,0.995,0.89772,0.48228,0.36731,0.85685,0.0005768,0.0005768,0.0005768
274,2441.55,0.50082,0.3953,0.87186,0.98988,0.9996,0.995,0.90205,0.4743,0.36092,0.85539,0.000574325,0.000574325,0.000574325
275,2450.33,0.5417,0.41309,0.88446,0.98941,0.99988,0.995,0.90515,0.46699,0.35522,0.85392,0.00057185,0.00057185,0.00057185
276,2459.14,0.58619,0.44341,0.93415,0.99045,1,0.995,0.90444,0.45709,0.35502,0.85258,0.000569375,0.000569375,0.000569375
277,2468.03,0.51502,0.40869,0.85989,0.99404,1,0.995,0.90434,0.45781,0.35614,0.853,0.0005669,0.0005669,0.0005669
278,2477.81,0.54035,0.41938,0.87932,0.99624,1,0.995,0.91073,0.46334,0.35747,0.8531,0.000564425,0.000564425,0.000564425
279,2486.72,0.59153,0.44964,0.87731,0.99676,1,0.995,0.90246,0.46231,0.36067,0.85218,0.00056195,0.00056195,0.00056195
280,2495.53,0.57961,0.41896,0.87537,0.99501,1,0.995,0.90638,0.4496,0.35978,0.85099,0.000559475,0.000559475,0.000559475
281,2504.2,0.5558,0.39326,0.90159,0.99341,1,0.995,0.9179,0.44036,0.35843,0.84969,0.000557,0.000557,0.000557
282,2512.97,0.53714,0.45313,0.88782,0.99442,1,0.995,0.91816,0.44396,0.35679,0.85344,0.000554525,0.000554525,0.000554525
283,2521.95,0.5209,0.39078,0.87433,0.99442,1,0.995,0.9105,0.45162,0.35937,0.8569,0.00055205,0.00055205,0.00055205
284,2530.77,0.51675,0.38862,0.90048,0.99504,1,0.995,0.91095,0.4576,0.35107,0.85803,0.000549575,0.000549575,0.000549575
285,2539.32,0.53439,0.42088,0.88271,0.99504,1,0.995,0.90628,0.46429,0.34882,0.85968,0.0005471,0.0005471,0.0005471
286,2547.96,0.51142,0.38596,0.90571,0.99422,1,0.995,0.90062,0.46368,0.34426,0.85913,0.000544625,0.000544625,0.000544625
287,2556.62,0.51281,0.39574,0.85965,0.99243,1,0.995,0.90158,0.45953,0.34329,0.85842,0.00054215,0.00054215,0.00054215
288,2565.35,0.57873,0.47321,0.89949,0.99128,1,0.995,0.89687,0.4659,0.34304,0.86125,0.000539675,0.000539675,0.000539675
289,2573.95,0.55861,0.38613,0.87615,0.99279,1,0.995,0.89535,0.48113,0.34543,0.86555,0.0005372,0.0005372,0.0005372
290,2582.56,0.5476,0.4077,0.84507,0.99453,1,0.995,0.89328,0.48961,0.34394,0.86563,0.000534725,0.000534725,0.000534725
291,2591.32,0.57426,0.40684,0.88543,0.9953,1,0.995,0.89042,0.50182,0.3472,0.86382,0.00053225,0.00053225,0.00053225
292,2600.15,0.52791,0.42895,0.8974,0.99547,1,0.995,0.88292,0.51344,0.3601,0.86414,0.000529775,0.000529775,0.000529775
293,2608.93,0.60649,0.42615,0.90424,0.99551,1,0.995,0.88814,0.4993,0.36587,0.86034,0.0005273,0.0005273,0.0005273
294,2617.83,0.64498,0.46757,0.84485,0.99487,1,0.995,0.90663,0.46826,0.35898,0.85484,0.000524825,0.000524825,0.000524825
295,2626.64,0.53912,0.39038,0.83024,0.9955,1,0.995,0.89728,0.46,0.35265,0.85574,0.00052235,0.00052235,0.00052235
296,2636.23,0.54453,0.40234,0.89388,0.99508,1,0.995,0.90528,0.459,0.34933,0.85821,0.000519875,0.000519875,0.000519875
297,2645.19,0.57091,0.4093,0.86789,0.9948,1,0.995,0.90603,0.45264,0.34702,0.85646,0.0005174,0.0005174,0.0005174
298,2654.55,0.52956,0.40447,0.89383,0.99505,1,0.995,0.90597,0.45296,0.34402,0.85423,0.000514925,0.000514925,0.000514925
299,2663.65,0.54601,0.40059,0.87235,0.99547,1,0.995,0.8971,0.46288,0.34298,0.85454,0.00051245,0.00051245,0.00051245
300,2672.43,0.64247,0.45714,0.92293,0.99599,1,0.995,0.90507,0.45083,0.34215,0.8511,0.000509975,0.000509975,0.000509975
301,2681.32,0.54458,0.39258,0.87876,0.99682,1,0.995,0.91612,0.438,0.33661,0.84799,0.0005075,0.0005075,0.0005075
302,2690.14,0.59665,0.42617,0.8365,0.99724,1,0.995,0.90399,0.44175,0.33705,0.84874,0.000505025,0.000505025,0.000505025
303,2698.74,0.50103,0.39143,0.85879,0.9971,1,0.995,0.90828,0.44602,0.3397,0.8496,0.00050255,0.00050255,0.00050255
304,2707.39,0.53614,0.38608,0.82179,0.996,1,0.995,0.91974,0.43931,0.33705,0.8483,0.000500075,0.000500075,0.000500075
305,2716.34,0.49109,0.40977,0.84937,0.99485,1,0.995,0.91399,0.44985,0.33991,0.84832,0.0004976,0.0004976,0.0004976
306,2725.01,0.48799,0.35591,0.86627,0.99472,1,0.995,0.90238,0.47384,0.34934,0.85218,0.000495125,0.000495125,0.000495125
307,2733.73,0.55557,0.41817,0.92807,0.99512,1,0.995,0.90514,0.47102,0.34971,0.85342,0.00049265,0.00049265,0.00049265
308,2742.66,0.57842,0.44677,0.8907,0.99615,1,0.995,0.91086,0.45189,0.34392,0.85151,0.000490175,0.000490175,0.000490175
309,2751.41,0.46359,0.37206,0.8486,0.99686,1,0.995,0.91175,0.44804,0.34109,0.85048,0.0004877,0.0004877,0.0004877
310,2759.99,0.51007,0.38625,0.83664,0.99742,1,0.995,0.9059,0.44971,0.3418,0.85007,0.000485225,0.000485225,0.000485225
311,2768.9,0.49487,0.36989,0.82037,0.99758,1,0.995,0.90176,0.44347,0.34117,0.84847,0.00048275,0.00048275,0.00048275
312,2777.67,0.54116,0.39757,0.82689,0.99734,1,0.995,0.90121,0.45195,0.34185,0.84969,0.000480275,0.000480275,0.000480275
313,2786.28,0.52324,0.39396,0.9044,0.99724,1,0.995,0.90797,0.45043,0.33723,0.84713,0.0004778,0.0004778,0.0004778
314,2795.15,0.4758,0.35823,0.83878,0.99742,1,0.995,0.91617,0.44027,0.33066,0.8446,0.000475325,0.000475325,0.000475325
315,2804.11,0.47045,0.37754,0.91275,0.99754,1,0.995,0.91345,0.43006,0.32724,0.84175,0.00047285,0.00047285,0.00047285
316,2812.92,0.51429,0.36438,0.8426,0.99758,1,0.995,0.91638,0.42413,0.32421,0.8408,0.000470375,0.000470375,0.000470375
317,2821.67,0.49832,0.36677,0.84677,0.99735,1,0.995,0.91907,0.43002,0.32817,0.84137,0.0004679,0.0004679,0.0004679
318,2830.59,0.53824,0.38427,0.85114,0.99699,1,0.995,0.91115,0.44063,0.33048,0.84385,0.000465425,0.000465425,0.000465425
319,2839.34,0.52554,0.42314,0.87434,0.99692,1,0.995,0.90336,0.44908,0.33001,0.84606,0.00046295,0.00046295,0.00046295
320,2847.91,0.49067,0.36679,0.8561,0.99737,1,0.995,0.90097,0.44666,0.32762,0.84574,0.000460475,0.000460475,0.000460475
321,2856.62,0.50073,0.4181,0.89873,0.99723,1,0.995,0.90561,0.4356,0.32168,0.84377,0.000458,0.000458,0.000458
322,2865.41,0.49197,0.36584,0.84196,0.99689,1,0.995,0.91126,0.43104,0.32258,0.84237,0.000455525,0.000455525,0.000455525
323,2874.35,0.51268,0.34497,0.85653,0.99655,1,0.995,0.91478,0.43024,0.32416,0.8421,0.00045305,0.00045305,0.00045305
324,2883.15,0.48838,0.39036,0.86365,0.99696,1,0.995,0.91365,0.43068,0.32924,0.84355,0.000450575,0.000450575,0.000450575
325,2891.96,0.54364,0.38954,0.86402,0.99658,1,0.995,0.90721,0.43811,0.33537,0.84549,0.0004481,0.0004481,0.0004481
326,2900.63,0.49987,0.36923,0.88111,0.99636,1,0.995,0.90995,0.45051,0.33863,0.84742,0.000445625,0.000445625,0.000445625
327,2909.37,0.4981,0.36557,0.85961,0.99667,1,0.995,0.91522,0.44703,0.33637,0.84575,0.00044315,0.00044315,0.00044315
328,2918.07,0.5703,0.41773,0.85549,0.99685,1,0.995,0.91308,0.437,0.33357,0.84328,0.000440675,0.000440675,0.000440675
329,2926.68,0.46338,0.37007,0.86281,0.99708,1,0.995,0.91144,0.42545,0.325,0.84062,0.0004382,0.0004382,0.0004382
330,2935.22,0.44762,0.34467,0.816,0.99711,1,0.995,0.92377,0.40887,0.31862,0.83712,0.000435725,0.000435725,0.000435725
331,2944.22,0.40577,0.31413,0.82305,0.99676,1,0.995,0.92558,0.39279,0.31422,0.83361,0.00043325,0.00043325,0.00043325
332,2953.07,0.51432,0.38244,0.84471,0.99649,1,0.995,0.93314,0.38641,0.31472,0.83153,0.000430775,0.000430775,0.000430775
333,2962.07,0.45738,0.36983,0.85963,0.99638,1,0.995,0.92573,0.38541,0.31604,0.8307,0.0004283,0.0004283,0.0004283
334,2970.65,0.47464,0.37254,0.87533,0.99624,1,0.995,0.9366,0.37188,0.31337,0.82768,0.000425825,0.000425825,0.000425825
335,2979.41,0.46094,0.35023,0.84728,0.99609,1,0.995,0.93706,0.36811,0.3113,0.82653,0.00042335,0.00042335,0.00042335
336,2988.27,0.45547,0.3284,0.84079,0.9962,1,0.995,0.93423,0.38171,0.30979,0.82868,0.000420875,0.000420875,0.000420875
337,2997.08,0.44449,0.34493,0.87309,0.99628,1,0.995,0.92916,0.3817,0.31078,0.82931,0.0004184,0.0004184,0.0004184
338,3005.78,0.40968,0.46721,0.8929,0.99591,1,0.995,0.92647,0.3779,0.31154,0.8289,0.000415925,0.000415925,0.000415925
339,3014.51,0.47197,0.35151,0.83475,0.99541,1,0.995,0.93572,0.37342,0.31037,0.82867,0.00041345,0.00041345,0.00041345
340,3023.4,0.5086,0.3904,0.89705,0.99551,1,0.995,0.93822,0.36823,0.30918,0.82737,0.000410975,0.000410975,0.000410975
341,3032.08,0.49412,0.36615,0.84643,0.9962,1,0.995,0.94235,0.36371,0.30528,0.82675,0.0004085,0.0004085,0.0004085
342,3041.06,0.47573,0.37126,0.83737,0.99648,1,0.995,0.92729,0.37296,0.30211,0.82917,0.000406025,0.000406025,0.000406025
343,3049.68,0.4753,0.33472,0.84061,0.99647,1,0.995,0.91875,0.39266,0.30214,0.83323,0.00040355,0.00040355,0.00040355
344,3058.39,0.48802,0.39689,0.9301,0.99687,1,0.995,0.91716,0.41247,0.30336,0.83818,0.000401075,0.000401075,0.000401075
345,3067.33,0.50357,0.35673,0.86815,0.99725,1,0.995,0.91993,0.4208,0.3092,0.84042,0.0003986,0.0003986,0.0003986
346,3076.48,0.52505,0.39011,0.84547,0.9972,1,0.995,0.92099,0.41693,0.30674,0.83959,0.000396125,0.000396125,0.000396125
347,3085.28,0.57013,0.4056,0.89208,0.99711,1,0.995,0.93195,0.41722,0.31008,0.84005,0.00039365,0.00039365,0.00039365
348,3094.08,0.45203,0.36538,0.86208,0.99701,1,0.995,0.93348,0.4151,0.31172,0.83964,0.000391175,0.000391175,0.000391175
349,3102.93,0.53223,0.38084,0.87235,0.99693,1,0.995,0.93776,0.40281,0.31402,0.83677,0.0003887,0.0003887,0.0003887
350,3111.62,0.51229,0.40979,0.83435,0.99677,1,0.995,0.9401,0.39159,0.31302,0.83383,0.000386225,0.000386225,0.000386225
351,3120.41,0.47702,0.37302,0.84513,0.997,1,0.995,0.93715,0.38412,0.31398,0.83152,0.00038375,0.00038375,0.00038375
352,3129.25,0.49407,0.40925,0.85511,0.9971,1,0.995,0.93818,0.38295,0.3116,0.83103,0.000381275,0.000381275,0.000381275
353,3138,0.45777,0.34835,0.85807,0.99737,1,0.995,0.93111,0.38381,0.3084,0.83025,0.0003788,0.0003788,0.0003788
354,3146.73,0.45871,0.34835,0.83584,0.9972,1,0.995,0.92497,0.39177,0.31143,0.83112,0.000376325,0.000376325,0.000376325
355,3155.59,0.44924,0.34949,0.84761,0.99683,1,0.995,0.92063,0.39569,0.31405,0.83108,0.00037385,0.00037385,0.00037385
356,3164.36,0.44042,0.33257,0.84817,0.99686,1,0.995,0.92421,0.39847,0.31723,0.83166,0.000371375,0.000371375,0.000371375
357,3172.97,0.51647,0.44391,0.91477,0.99681,1,0.995,0.93233,0.39743,0.31513,0.83222,0.0003689,0.0003689,0.0003689
358,3181.75,0.39239,0.34474,0.87982,0.99665,1,0.995,0.93217,0.39266,0.31482,0.83159,0.000366425,0.000366425,0.000366425
359,3190.58,0.47846,0.35798,0.8264,0.99657,1,0.995,0.93753,0.38701,0.31062,0.8304,0.00036395,0.00036395,0.00036395
360,3199.31,0.50053,0.34937,0.86905,0.99673,1,0.995,0.93597,0.37471,0.30506,0.82781,0.000361475,0.000361475,0.000361475
361,3208,0.49352,0.38297,0.84343,0.99658,1,0.995,0.93882,0.36651,0.29955,0.82635,0.000359,0.000359,0.000359
362,3216.66,0.46268,0.36661,0.92332,0.99695,1,0.995,0.931,0.36999,0.30142,0.82681,0.000356525,0.000356525,0.000356525
363,3225.7,0.47577,0.37384,0.85154,0.9973,1,0.995,0.92862,0.37187,0.30182,0.82795,0.00035405,0.00035405,0.00035405
364,3234.39,0.49129,0.39894,0.87167,0.99683,1,0.995,0.93215,0.36835,0.30296,0.8282,0.000351575,0.000351575,0.000351575
365,3243.15,0.53069,0.39635,0.8781,0.99636,1,0.995,0.93237,0.36627,0.30252,0.82888,0.0003491,0.0003491,0.0003491
366,3252.05,0.46688,0.36393,0.84776,0.99595,1,0.995,0.93572,0.3624,0.3018,0.82678,0.000346625,0.000346625,0.000346625
367,3261.53,0.48163,0.4072,0.8241,0.99623,1,0.995,0.93937,0.36042,0.30052,0.82488,0.00034415,0.00034415,0.00034415
368,3270.08,0.4234,0.33718,0.8121,0.9968,1,0.995,0.94399,0.35035,0.29681,0.82231,0.000341675,0.000341675,0.000341675
369,3279.05,0.49112,0.35345,0.86896,0.99721,1,0.995,0.9475,0.34367,0.29237,0.8208,0.0003392,0.0003392,0.0003392
370,3287.82,0.46297,0.3534,0.83243,0.99743,1,0.995,0.94771,0.34831,0.29184,0.82118,0.000336725,0.000336725,0.000336725
371,3296.82,0.46217,0.39876,0.84494,0.99767,1,0.995,0.94168,0.35598,0.29363,0.82264,0.00033425,0.00033425,0.00033425
372,3305.67,0.44265,0.33915,0.82321,0.99768,1,0.995,0.94162,0.36973,0.30015,0.82606,0.000331775,0.000331775,0.000331775
373,3314.37,0.48596,0.35946,0.82889,0.99768,1,0.995,0.93257,0.38506,0.30532,0.82998,0.0003293,0.0003293,0.0003293
374,3323.2,0.51746,0.42139,0.85557,0.99783,1,0.995,0.9255,0.389,0.30518,0.83076,0.000326825,0.000326825,0.000326825
375,3332.02,0.51907,0.41642,0.89508,0.99763,1,0.995,0.9238,0.3855,0.30346,0.82915,0.00032435,0.00032435,0.00032435
376,3340.79,0.4642,0.36452,0.84449,0.99762,1,0.995,0.92479,0.38488,0.30606,0.82853,0.000321875,0.000321875,0.000321875
377,3349.5,0.42361,0.33204,0.83924,0.99754,1,0.995,0.92797,0.39585,0.30321,0.83119,0.0003194,0.0003194,0.0003194
378,3358.31,0.47783,0.36215,0.84337,0.99744,1,0.995,0.92475,0.40172,0.30214,0.8335,0.000316925,0.000316925,0.000316925
379,3366.99,0.43497,0.31564,0.84614,0.99745,1,0.995,0.92612,0.39808,0.3018,0.83365,0.00031445,0.00031445,0.00031445
380,3375.66,0.42686,0.34083,0.84892,0.99762,1,0.995,0.92421,0.39337,0.30125,0.83289,0.000311975,0.000311975,0.000311975
381,3384.63,0.46321,0.34544,0.83354,0.99738,1,0.995,0.92237,0.38635,0.29992,0.831,0.0003095,0.0003095,0.0003095
382,3393.44,0.46426,0.34449,0.83517,0.99721,1,0.995,0.92755,0.37971,0.2989,0.82975,0.000307025,0.000307025,0.000307025
383,3402.84,0.43365,0.33288,0.83865,0.99729,1,0.995,0.93219,0.37807,0.30052,0.82866,0.00030455,0.00030455,0.00030455
384,3411.64,0.39065,0.32976,0.81467,0.99725,1,0.995,0.93253,0.38337,0.30095,0.82921,0.000302075,0.000302075,0.000302075
385,3420.58,0.44709,0.33542,0.87342,0.99666,1,0.995,0.93247,0.38437,0.29801,0.82895,0.0002996,0.0002996,0.0002996
386,3429.37,0.51537,0.39171,0.85361,0.99596,1,0.995,0.93794,0.379,0.29438,0.828,0.000297125,0.000297125,0.000297125
387,3438.19,0.47638,0.35062,0.8522,0.99527,1,0.995,0.93933,0.36923,0.29654,0.82628,0.00029465,0.00029465,0.00029465
388,3446.93,0.46576,0.37273,0.88874,0.99495,1,0.995,0.94116,0.35956,0.29749,0.82506,0.000292175,0.000292175,0.000292175
389,3455.62,0.46886,0.38582,0.82433,0.99481,1,0.995,0.94231,0.35684,0.29786,0.82459,0.0002897,0.0002897,0.0002897
390,3464.3,0.52038,0.36593,0.84903,0.99488,1,0.995,0.94242,0.35375,0.29513,0.8239,0.000287225,0.000287225,0.000287225
391,3473.1,0.38697,0.33025,0.83185,0.99533,1,0.995,0.93996,0.3504,0.28914,0.82283,0.00028475,0.00028475,0.00028475
392,3481.91,0.49766,0.34843,0.85617,0.99582,1,0.995,0.93937,0.34592,0.28475,0.82199,0.000282275,0.000282275,0.000282275
393,3490.7,0.47686,0.35114,0.89811,0.99608,1,0.995,0.94091,0.34185,0.28084,0.8224,0.0002798,0.0002798,0.0002798
394,3499.35,0.43526,0.31764,0.84851,0.99615,1,0.995,0.9369,0.33725,0.27782,0.82216,0.000277325,0.000277325,0.000277325
395,3507.94,0.38215,0.31859,0.83072,0.99633,1,0.995,0.93498,0.33581,0.2799,0.82222,0.00027485,0.00027485,0.00027485
396,3516.68,0.46199,0.35127,0.83811,0.99626,1,0.995,0.93785,0.33721,0.28275,0.82251,0.000272375,0.000272375,0.000272375
397,3525.25,0.41651,0.31079,0.83117,0.99605,1,0.995,0.94132,0.33753,0.2861,0.8228,0.0002699,0.0002699,0.0002699
398,3533.87,0.46528,0.32558,0.86484,0.99597,1,0.995,0.94127,0.33478,0.28397,0.82209,0.000267425,0.000267425,0.000267425
399,3542.66,0.39343,0.33896,0.81683,0.99573,1,0.995,0.94213,0.33475,0.28379,0.82195,0.00026495,0.00026495,0.00026495
400,3551.56,0.49065,0.36812,0.84379,0.99528,1,0.995,0.9433,0.33554,0.28222,0.82231,0.000262475,0.000262475,0.000262475
401,3560.28,0.44865,0.32893,0.82994,0.99504,1,0.995,0.94381,0.33425,0.27848,0.82235,0.00026,0.00026,0.00026
402,3569.1,0.41506,0.32,0.8072,0.99486,1,0.995,0.94265,0.33384,0.27739,0.82207,0.000257525,0.000257525,0.000257525
403,3577.88,0.49283,0.36372,0.88475,0.99482,1,0.995,0.94684,0.32857,0.27686,0.82128,0.00025505,0.00025505,0.00025505
404,3586.48,0.51516,0.36835,0.85281,0.99506,1,0.995,0.94307,0.32807,0.2786,0.8211,0.000252575,0.000252575,0.000252575
405,3595.24,0.39945,0.33696,0.84655,0.99542,1,0.995,0.94128,0.32913,0.27899,0.82007,0.0002501,0.0002501,0.0002501
406,3604.06,0.36044,0.30528,0.85085,0.99573,1,0.995,0.9431,0.3303,0.27914,0.8181,0.000247625,0.000247625,0.000247625
407,3612.82,0.43646,0.32998,0.83888,0.99601,1,0.995,0.94547,0.32995,0.27665,0.81745,0.00024515,0.00024515,0.00024515
408,3621.38,0.41036,0.35781,0.82924,0.99609,1,0.995,0.94691,0.32578,0.27321,0.81741,0.000242675,0.000242675,0.000242675
409,3630.28,0.44727,0.33372,0.84022,0.99632,1,0.995,0.95383,0.31679,0.27216,0.81688,0.0002402,0.0002402,0.0002402
410,3639.13,0.40391,0.30918,0.79731,0.99666,1,0.995,0.95494,0.30902,0.27002,0.81687,0.000237725,0.000237725,0.000237725
411,3647.92,0.45475,0.33001,0.83368,0.99691,1,0.995,0.95472,0.31179,0.27146,0.81791,0.00023525,0.00023525,0.00023525
412,3656.63,0.438,0.36146,0.90539,0.99717,1,0.995,0.95616,0.31847,0.27269,0.81954,0.000232775,0.000232775,0.000232775
413,3665.54,0.42374,0.34044,0.83075,0.99725,1,0.995,0.95545,0.32446,0.27721,0.82072,0.0002303,0.0002303,0.0002303
414,3674.55,0.38441,0.32071,0.79258,0.99732,1,0.995,0.94885,0.32798,0.27935,0.82138,0.000227825,0.000227825,0.000227825
415,3683.63,0.41967,0.34708,0.84914,0.99729,1,0.995,0.94624,0.3298,0.28102,0.82152,0.00022535,0.00022535,0.00022535
416,3692.64,0.38048,0.35009,0.88461,0.99715,1,0.995,0.94377,0.33255,0.28144,0.82136,0.000222875,0.000222875,0.000222875
417,3701.43,0.44378,0.31128,0.86325,0.997,1,0.995,0.94573,0.33257,0.28075,0.82112,0.0002204,0.0002204,0.0002204
418,3710.15,0.41898,0.33214,0.83074,0.99709,1,0.995,0.94672,0.32673,0.27518,0.81972,0.000217925,0.000217925,0.000217925
419,3718.81,0.43114,0.31627,0.82194,0.99714,1,0.995,0.95605,0.322,0.27072,0.81871,0.00021545,0.00021545,0.00021545
420,3727.74,0.38988,0.30832,0.8279,0.9969,1,0.995,0.95559,0.31693,0.26786,0.81781,0.000212975,0.000212975,0.000212975
421,3736.53,0.45477,0.34905,0.82723,0.997,1,0.995,0.95602,0.31452,0.26788,0.81735,0.0002105,0.0002105,0.0002105
422,3745.23,0.38575,0.31697,0.80813,0.99708,1,0.995,0.95033,0.3168,0.26948,0.81753,0.000208025,0.000208025,0.000208025
423,3754.15,0.43432,0.43715,0.82062,0.99702,1,0.995,0.94933,0.31643,0.27088,0.81756,0.00020555,0.00020555,0.00020555
424,3762.9,0.34688,0.34092,0.86691,0.99692,1,0.995,0.94894,0.31608,0.27132,0.81775,0.000203075,0.000203075,0.000203075
425,3771.45,0.4118,0.33907,0.82963,0.99685,1,0.995,0.94866,0.31498,0.27075,0.81781,0.0002006,0.0002006,0.0002006
426,3780.14,0.37735,0.30403,0.83105,0.99689,1,0.995,0.94927,0.31298,0.26936,0.81682,0.000198125,0.000198125,0.000198125
427,3788.99,0.42639,0.32203,0.85593,0.99703,1,0.995,0.95435,0.3107,0.26797,0.81614,0.00019565,0.00019565,0.00019565
428,3797.78,0.4219,0.32825,0.84641,0.99722,1,0.995,0.95847,0.30827,0.26507,0.81506,0.000193175,0.000193175,0.000193175
429,3807.44,0.40258,0.3114,0.80489,0.99746,1,0.995,0.96367,0.30439,0.26445,0.81378,0.0001907,0.0001907,0.0001907
430,3816.25,0.38711,0.30871,0.8313,0.9975,1,0.995,0.96204,0.30147,0.26364,0.8134,0.000188225,0.000188225,0.000188225
431,3824.94,0.49162,0.34826,0.87466,0.99749,1,0.995,0.96202,0.29906,0.26411,0.81333,0.00018575,0.00018575,0.00018575
432,3833.77,0.43268,0.33204,0.83776,0.99721,1,0.995,0.96391,0.29906,0.26317,0.81342,0.000183275,0.000183275,0.000183275
433,3842.64,0.40404,0.33229,0.83417,0.99701,1,0.995,0.96296,0.29873,0.26088,0.81365,0.0001808,0.0001808,0.0001808
434,3851.26,0.4269,0.36801,0.85072,0.9969,1,0.995,0.95619,0.29999,0.26053,0.81425,0.000178325,0.000178325,0.000178325
435,3860.05,0.39666,0.33032,0.83739,0.99706,1,0.995,0.95633,0.30576,0.25973,0.81546,0.00017585,0.00017585,0.00017585
436,3869.94,0.43166,0.33755,0.86507,0.99734,1,0.995,0.95642,0.30966,0.25777,0.81627,0.000173375,0.000173375,0.000173375
437,3878.79,0.43262,0.31965,0.82486,0.99749,1,0.995,0.95851,0.30691,0.257,0.81566,0.0001709,0.0001709,0.0001709
438,3887.45,0.50698,0.34413,0.90318,0.99744,1,0.995,0.96114,0.30018,0.25746,0.81455,0.000168425,0.000168425,0.000168425
439,3896.19,0.43318,0.32872,0.84357,0.99711,1,0.995,0.95889,0.29565,0.25839,0.81365,0.00016595,0.00016595,0.00016595
440,3904.94,0.42162,0.32231,0.83488,0.99694,1,0.995,0.96,0.29357,0.25672,0.81319,0.000163475,0.000163475,0.000163475
441,3913.75,0.41827,0.31002,0.84074,0.9969,1,0.995,0.96415,0.29117,0.25356,0.8125,0.000161,0.000161,0.000161
442,3922.49,0.36504,0.30597,0.87943,0.99685,1,0.995,0.96519,0.29033,0.25355,0.81213,0.000158525,0.000158525,0.000158525
443,3931.07,0.43235,0.3228,0.83144,0.99694,1,0.995,0.96273,0.29038,0.25181,0.81216,0.00015605,0.00015605,0.00015605
444,3939.78,0.48198,0.3214,0.86672,0.99706,1,0.995,0.96181,0.29153,0.25042,0.81261,0.000153575,0.000153575,0.000153575
445,3948.7,0.42994,0.31271,0.83288,0.99715,1,0.995,0.96486,0.29393,0.24933,0.81367,0.0001511,0.0001511,0.0001511
446,3957.41,0.35441,0.29596,0.81995,0.99716,1,0.995,0.96785,0.29534,0.25073,0.81422,0.000148625,0.000148625,0.000148625
447,3966.45,0.45062,0.34503,0.86462,0.9972,1,0.995,0.96577,0.29798,0.25563,0.81457,0.00014615,0.00014615,0.00014615
448,3976.01,0.39397,0.32793,0.88035,0.99717,1,0.995,0.96367,0.30004,0.25906,0.81445,0.000143675,0.000143675,0.000143675
449,3984.83,0.34919,0.29295,0.83867,0.99714,1,0.995,0.96374,0.30244,0.26167,0.8148,0.0001412,0.0001412,0.0001412
450,3993.61,0.37545,0.32705,0.82894,0.99709,1,0.995,0.95759,0.30305,0.26319,0.81522,0.000138725,0.000138725,0.000138725
451,4002.34,0.45025,0.3223,0.83396,0.99706,1,0.995,0.96005,0.30272,0.26319,0.81551,0.00013625,0.00013625,0.00013625
452,4011.19,0.37839,0.31385,0.81569,0.99705,1,0.995,0.96138,0.30248,0.26218,0.81551,0.000133775,0.000133775,0.000133775
453,4020.12,0.40308,0.29786,0.83681,0.99713,1,0.995,0.9581,0.30136,0.26213,0.81562,0.0001313,0.0001313,0.0001313
454,4028.83,0.42662,0.31835,0.86741,0.99715,1,0.995,0.95861,0.2992,0.26069,0.81527,0.000128825,0.000128825,0.000128825
455,4037.61,0.44762,0.31944,0.8479,0.99715,1,0.995,0.95935,0.29678,0.25906,0.81483,0.00012635,0.00012635,0.00012635
456,4046.48,0.37595,0.29067,0.83893,0.99714,1,0.995,0.96064,0.29258,0.25668,0.81405,0.000123875,0.000123875,0.000123875
457,4055.07,0.36637,0.36629,0.87681,0.99709,1,0.995,0.96242,0.28963,0.25367,0.81343,0.0001214,0.0001214,0.0001214
458,4063.8,0.37984,0.31994,0.83504,0.99701,1,0.995,0.9626,0.28646,0.25234,0.81252,0.000118925,0.000118925,0.000118925
459,4072.77,0.4202,0.31374,0.8331,0.99697,1,0.995,0.96528,0.28358,0.25111,0.81183,0.00011645,0.00011645,0.00011645
460,4081.56,0.42634,0.33037,0.83977,0.99701,1,0.995,0.96638,0.28091,0.24996,0.81134,0.000113975,0.000113975,0.000113975
461,4090.23,0.37418,0.30132,0.84929,0.99707,1,0.995,0.97007,0.278,0.24853,0.81029,0.0001115,0.0001115,0.0001115
462,4099.04,0.4103,0.31117,0.84151,0.99715,1,0.995,0.97026,0.27479,0.2479,0.80938,0.000109025,0.000109025,0.000109025
463,4108.67,0.44822,0.32684,0.84357,0.99712,1,0.995,0.9699,0.27334,0.24813,0.8086,0.00010655,0.00010655,0.00010655
464,4117.53,0.34345,0.27867,0.79509,0.99706,1,0.995,0.96873,0.2724,0.24676,0.80834,0.000104075,0.000104075,0.000104075
465,4126.29,0.36899,0.29981,0.84684,0.99702,1,0.995,0.967,0.2716,0.2466,0.80806,0.0001016,0.0001016,0.0001016
466,4135.09,0.41888,0.3224,0.83086,0.99701,1,0.995,0.96957,0.27064,0.24592,0.80781,9.91E-05,9.91E-05,9.91E-05
467,4143.97,0.44492,0.32555,0.83622,0.99705,1,0.995,0.97249,0.26908,0.24414,0.80724,9.67E-05,9.67E-05,9.67E-05
468,4152.79,0.42614,0.32731,0.84858,0.99708,1,0.995,0.97297,0.26798,0.24243,0.80655,9.42E-05,9.42E-05,9.42E-05
469,4161.6,0.46839,0.34089,0.83829,0.99712,1,0.995,0.97461,0.2663,0.24172,0.80609,9.17E-05,9.17E-05,9.17E-05
470,4170.69,0.33414,0.28683,0.80268,0.99719,1,0.995,0.97297,0.2653,0.24177,0.80599,8.92E-05,8.92E-05,8.92E-05
471,4180.01,0.38915,0.30897,0.83871,0.99723,1,0.995,0.97225,0.2656,0.24196,0.80615,8.68E-05,8.68E-05,8.68E-05
472,4188.63,0.34321,0.31843,0.78874,0.9973,1,0.995,0.97226,0.26616,0.24249,0.80629,8.43E-05,8.43E-05,8.43E-05
473,4197.34,0.31196,0.27218,0.83286,0.99733,1,0.995,0.97113,0.26669,0.2429,0.80647,8.18E-05,8.18E-05,8.18E-05
474,4206.22,0.44111,0.31534,0.81903,0.99734,1,0.995,0.97042,0.26809,0.24319,0.80682,7.93E-05,7.93E-05,7.93E-05
475,4214.89,0.31503,0.31586,0.86852,0.99739,1,0.995,0.97288,0.26876,0.24384,0.80715,7.69E-05,7.69E-05,7.69E-05
476,4223.61,0.37447,0.298,0.83714,0.99739,1,0.995,0.97261,0.26916,0.24444,0.80733,7.44E-05,7.44E-05,7.44E-05
477,4232.41,0.31558,0.26814,0.82577,0.99742,1,0.995,0.97025,0.26835,0.24503,0.80734,7.19E-05,7.19E-05,7.19E-05
478,4241.27,0.3184,0.28515,0.83257,0.99737,1,0.995,0.97184,0.26681,0.24558,0.80762,6.94E-05,6.94E-05,6.94E-05
479,4249.93,0.39569,0.29587,0.83443,0.99729,1,0.995,0.9689,0.26607,0.24506,0.80759,6.70E-05,6.70E-05,6.70E-05
480,4258.6,0.30671,0.25516,0.77959,0.99718,1,0.995,0.97179,0.26533,0.24484,0.80744,6.45E-05,6.45E-05,6.45E-05
481,4267.49,0.36223,0.29744,0.85767,0.99712,1,0.995,0.97129,0.26337,0.24322,0.80709,6.20E-05,6.20E-05,6.20E-05
482,4276.48,0.36451,0.29396,0.83147,0.997,1,0.995,0.97152,0.26138,0.24183,0.80684,5.95E-05,5.95E-05,5.95E-05
483,4285.41,0.40392,0.30018,0.84615,0.99695,1,0.995,0.97357,0.26022,0.24148,0.80668,5.71E-05,5.71E-05,5.71E-05
484,4294.41,0.37877,0.29786,0.82021,0.99693,1,0.995,0.97367,0.25892,0.2416,0.80654,5.46E-05,5.46E-05,5.46E-05
485,4303.23,0.36896,0.32365,0.84901,0.99688,1,0.995,0.97586,0.25777,0.24063,0.80636,5.21E-05,5.21E-05,5.21E-05
486,4312.02,0.40345,0.32326,0.80373,0.99689,1,0.995,0.97724,0.25717,0.23949,0.80662,4.96E-05,4.96E-05,4.96E-05
487,4320.98,0.35343,0.26939,0.82749,0.99681,1,0.995,0.97612,0.25679,0.23978,0.80658,4.72E-05,4.72E-05,4.72E-05
488,4329.85,0.32937,0.28589,0.81138,0.99676,1,0.995,0.97521,0.25652,0.23986,0.80648,4.47E-05,4.47E-05,4.47E-05
489,4338.52,0.40775,0.29979,0.84836,0.99678,1,0.995,0.97526,0.25632,0.24006,0.80644,4.22E-05,4.22E-05,4.22E-05
490,4347.59,0.38946,0.33192,0.82069,0.99671,1,0.995,0.9787,0.25508,0.24042,0.806,3.97E-05,3.97E-05,3.97E-05
491,4356.2,0.3883,0.29878,0.8102,0.99666,1,0.995,0.97693,0.25433,0.24044,0.80571,3.73E-05,3.73E-05,3.73E-05
492,4364.96,0.35811,0.29322,0.79642,0.99663,1,0.995,0.97613,0.25439,0.23966,0.80559,3.48E-05,3.48E-05,3.48E-05
493,4373.52,0.46588,0.39382,0.79261,0.99655,1,0.995,0.97502,0.25659,0.23965,0.80568,3.23E-05,3.23E-05,3.23E-05
494,4382.19,0.43319,0.3378,0.77014,0.99654,1,0.995,0.97582,0.26011,0.23991,0.80582,2.98E-05,2.98E-05,2.98E-05
495,4390.8,0.32864,0.28742,0.83743,0.9966,1,0.995,0.96977,0.26324,0.24143,0.80583,2.74E-05,2.74E-05,2.74E-05
496,4399.47,0.34249,0.30721,0.81129,0.9966,1,0.995,0.96695,0.26587,0.24239,0.806,2.49E-05,2.49E-05,2.49E-05
497,4407.98,0.26867,0.26077,0.78157,0.99667,1,0.995,0.96604,0.26756,0.24303,0.80607,2.24E-05,2.24E-05,2.24E-05
498,4416.67,0.31583,0.27745,0.81922,0.99675,1,0.995,0.96475,0.2692,0.2438,0.80608,1.99E-05,1.99E-05,1.99E-05
499,4425.03,0.32574,0.30296,0.79148,0.99677,1,0.995,0.96481,0.27061,0.24455,0.80619,1.75E-05,1.75E-05,1.75E-05
500,4433.78,0.31816,0.27782,0.81932,0.99678,1,0.995,0.96417,0.27145,0.2453,0.80621,1.50E-05,1.50E-05,1.50E-05
